<core:FragmentDefinition xmlns="sap.m"
	xmlns:f="sap.ui.layout.form" xmlns:core="sap.ui.core" xmlns:mvc="sap.ui.core.mvc" xmlns:smartForm="sap.ui.comp.smartform"
	xmlns:smartFilterBar="sap.ui.comp.smartfilterbar"
	xmlns:smartTable="sap.ui.comp.smarttable"
	xmlns:smartField="sap.ui.comp.smartfield"
	xmlns:html="http://www.w3.org/1999/xhtml" xmlns:l="sap.ui.layout" >
<Dialog title="My Dialog">
		<content>
			<VBox justifyContent="Center" alignItems="Center">
				<Text text="{i18n>WHMTNTIssue.ParkingSuccessTitle}"
					class="sapUiMediumMarginTop classParkingSuccessMessageTitle"></Text>
				<Image src="css/images/output.png" height="12rem"
					width="12rem" class="sapUiSmallMarginTop"></Image>
				<FormattedText class="sapUiSmallMarginTop"
					htmlText="&lt;p class=&quot;classWHMTNTParkMsg1&quot;&gt;{i18n>WHMTNTIssue.ParkingSuccessMsg1}&lt;/p&gt; &lt;p class=&quot;classWHMTNTParkMsg1&quot;&gt;{i18n>WHMTNTIssue.ParkingSuccessMsg2} &lt;span class=&quot;classWHMTNTParkMsgBoldWBld&quot;&gt;{oViewModel>/WebridgeID}&lt;/span&gt; &lt;/p&gt; &lt;p class=&quot;classWHMTNTParkMsg1&quot;&gt;{i18n>WHMTNTIssue.ParkingSuccessMsg3}&lt;/p&gt;" />
					<Button text = "OK" press = "onOkPress"/>
			</VBox>
			</content>
	</Dialog>
</core:FragmentDefinition>